customer_id,first_name,last_name,email,city,state,signup_date,membership_type
1,Cassandra,Murray,cassandra.murray1@example.com,New Kelly,New York,2024-05-24,Rewards Gold
2,Jennifer,King,jennifer.king2@example.com,North Markport,California,2025-03-28,Rewards Gold
3,James,Scott,james.scott3@example.com,Seanchester,Pennsylvania,2025-10-29,None
4,Cynthia,Smith,cynthia.smith4@example.com,Lake Scott,New York,2024-02-13,None
5,Joseph,Ballard,joseph.ballard5@example.com,Williamsstad,New York,2022-12-09,None
6,Tracy,Santana,tracy.santana6@example.com,Hillton,California,2024-07-29,Rewards Member
7,Rebecca,Byrd,rebecca.byrd7@example.com,Lake Danastad,Illinois,2025-03-06,None
8,Meghan,Moore,meghan.moore8@example.com,North Douglas,Michigan,2025-11-26,Rewards Gold
9,Christopher,Alexander,christopher.alexander9@example.com,Johnsonland,Georgia,2024-01-10,Rewards Member
10,Rodney,Reed,rodney.reed10@example.com,Port Deanna,Michigan,2025-02-12,Rewards Member
11,Joshua,Matthews,joshua.matthews11@example.com,Patrickshire,North Carolina,2024-12-18,Rewards Gold
12,Adam,Fowler,adam.fowler12@example.com,New Ericmouth,Georgia,2023-09-22,Rewards Gold
13,Kellie,Coleman,kellie.coleman13@example.com,Nathanland,North Carolina,2022-12-17,None
14,Dana,Wright,dana.wright14@example.com,New Michael,Pennsylvania,2022-10-14,None
15,Jose,Bruce,jose.bruce15@example.com,Debrabury,Texas,2026-06-25,None
16,Joyce,Gonzalez,joyce.gonzalez16@example.com,North Jillfort,California,2025-02-02,Rewards Member
17,Andrea,Cruz,andrea.cruz17@example.com,Mcintyreville,Georgia,2025-12-22,Rewards Member
18,Ronald,Webb,ronald.webb18@example.com,Kimberlymouth,Georgia,2023-07-29,Rewards Gold
19,Alec,Young,alec.young19@example.com,New Justin,Pennsylvania,2025-05-16,None
20,Charles,Armstrong,charles.armstrong20@example.com,Gonzalezberg,Illinois,2026-02-05,None
21,Nicole,Andrews,nicole.andrews21@example.com,South Geraldmouth,New York,2023-09-22,None
22,Rebecca,Haney,rebecca.haney22@example.com,Port Evelynmouth,Pennsylvania,2023-02-17,Rewards Gold
23,Amy,Phillips,amy.phillips23@example.com,Jennaside,Ohio,2025-08-04,Rewards Member
24,Mary,Spence,mary.spence24@example.com,Patriciaburgh,New York,2026-02-16,None
25,Brandi,Barrett,brandi.barrett25@example.com,Port Michael,California,2025-10-01,Rewards Gold
26,Earl,Hill,earl.hill26@example.com,North Tracie,New York,2025-09-27,None
27,David,Knight,david.knight27@example.com,East Kristy,Illinois,2024-12-05,None
28,Kyle,Jennings,kyle.jennings28@example.com,West Angelastad,New York,2025-03-04,None
29,Rachel,Garner,rachel.garner29@example.com,Laraside,California,2025-04-02,Rewards Gold
30,Laura,Williams,laura.williams30@example.com,New Nicole,Illinois,2025-05-31,None
31,Michelle,Obrien,michelle.obrien31@example.com,West Raymondfort,Michigan,2025-02-24,None
32,Rachel,Crawford,rachel.crawford32@example.com,Hammondshire,Georgia,2026-07-09,None
33,Jason,Strong,jason.strong33@example.com,East Teresaland,Georgia,2023-07-27,Rewards Member
34,John,Mitchell,john.mitchell34@example.com,Owenshaven,North Carolina,2024-03-15,None
35,Curtis,Lindsey,curtis.lindsey35@example.com,Davidside,Michigan,2024-01-31,Rewards Gold
36,Kimberly,Lawson,kimberly.lawson36@example.com,Port Tammy,Michigan,2022-09-02,None
37,Nicole,Gomez,nicole.gomez37@example.com,Shawton,New York,2025-05-12,Rewards Member
38,Richard,Fields,richard.fields38@example.com,New Ericburgh,Georgia,2024-10-25,Rewards Gold
39,Christine,Oliver,christine.oliver39@example.com,West Sarah,California,2023-04-16,None
40,Eric,Byrd,eric.byrd40@example.com,West Stacey,Florida,2025-06-08,None
41,Sarah,Le,sarah.le41@example.com,Meghanview,Florida,2023-06-02,None
42,Michelle,Hopkins,michelle.hopkins42@example.com,Lake Stephanie,Illinois,2024-09-01,Rewards Member
43,Theresa,Massey,theresa.massey43@example.com,Davidport,Georgia,2025-09-01,Rewards Member
44,Lisa,Fuller,lisa.fuller44@example.com,New Danielleshire,Georgia,2026-02-26,Rewards Member
45,Nicole,Berger,nicole.berger45@example.com,East Donna,Florida,2025-03-20,None
46,Angel,Lucas,angel.lucas46@example.com,Meganshire,Georgia,2024-07-23,None
47,Jill,Parker,jill.parker47@example.com,Port Michelleland,New York,2025-11-29,None
48,Martin,Alexander,martin.alexander48@example.com,Lake Kelliview,Ohio,2025-11-22,None
49,Sarah,Riley,sarah.riley49@example.com,Port Ashley,Texas,2026-01-13,Rewards Member
50,Leah,Oconnor,leah.oconnor50@example.com,South Pamelaside,Michigan,2023-04-03,Rewards Member
51,Michelle,Davis,michelle.davis51@example.com,Dawnport,North Carolina,2022-12-02,Rewards Member
52,Lisa,Phillips,lisa.phillips52@example.com,Sanchezfurt,Illinois,2023-01-15,None
53,Joseph,Burgess,joseph.burgess53@example.com,Shawnton,Ohio,2023-07-25,Rewards Gold
54,Kristin,Thompson,kristin.thompson54@example.com,South Robert,Florida,2025-10-05,Rewards Member
55,Daniel,Anderson,daniel.anderson55@example.com,Harrisberg,Michigan,2025-07-31,None
56,Monica,Ryan,monica.ryan56@example.com,Michellemouth,Georgia,2023-04-06,Rewards Member
57,Michele,Mata,michele.mata57@example.com,Theresaberg,North Carolina,2025-04-01,Rewards Gold
58,Jeffrey,Schmidt,jeffrey.schmidt58@example.com,Zacharyville,Georgia,2023-11-15,None
59,Lisa,Mcintyre,lisa.mcintyre59@example.com,Johnville,California,2022-11-20,None
60,Steven,Rivas,steven.rivas60@example.com,Shannonberg,California,2023-12-14,None
61,Kevin,Scott,kevin.scott61@example.com,North Kellyfurt,North Carolina,2025-07-04,None
62,Laura,Summers,laura.summers62@example.com,Wrightburgh,North Carolina,2023-10-04,None
63,Jeremy,Olson,jeremy.olson63@example.com,Sarahmouth,Florida,2025-09-06,None
64,Andrew,Drake,andrew.drake64@example.com,Port Erik,North Carolina,2023-11-09,Rewards Gold
65,James,Francis,james.francis65@example.com,Jimenezport,New York,2023-07-28,Rewards Member
66,Mark,Morgan,mark.morgan66@example.com,Johnsonfurt,Georgia,2023-09-15,Rewards Member
67,Michelle,Wilson,michelle.wilson67@example.com,Levyborough,Ohio,2025-12-07,None
68,Tammy,Mccarty,tammy.mccarty68@example.com,Brandonport,Pennsylvania,2024-05-30,None
69,Joshua,Taylor,joshua.taylor69@example.com,Harperfort,North Carolina,2025-12-29,None
70,Darlene,Levy,darlene.levy70@example.com,Amandaville,Illinois,2024-11-11,None
71,Ricardo,Dalton,ricardo.dalton71@example.com,Andersonview,California,2026-04-22,Rewards Member
72,Tina,Ramsey,tina.ramsey72@example.com,Kathrynstad,New York,2022-10-25,None
73,Amanda,Whitney,amanda.whitney73@example.com,South Brettside,Michigan,2026-02-01,Rewards Member
74,Sheila,Coffey,sheila.coffey74@example.com,West Angela,Pennsylvania,2024-07-13,None
75,Darrell,Ballard,darrell.ballard75@example.com,South Williamside,Ohio,2025-12-31,None
76,Tara,Diaz,tara.diaz76@example.com,Marciaville,Pennsylvania,2024-01-21,None
77,Gregory,Gibbs,gregory.gibbs77@example.com,North Phillip,North Carolina,2023-09-21,Rewards Member
78,Sydney,Smith,sydney.smith78@example.com,Angelastad,Florida,2022-09-29,Rewards Member
79,Joseph,Herrera,joseph.herrera79@example.com,East Carrie,California,2025-12-12,None
80,Daniel,Gibson,daniel.gibson80@example.com,Porterton,California,2023-01-29,Rewards Member
81,Ryan,Chambers,ryan.chambers81@example.com,East Jenniferfort,Michigan,2023-05-01,None
82,Jessica,Chambers,jessica.chambers82@example.com,Hernandezhaven,Florida,2024-03-01,Rewards Member
83,Lee,Richards,lee.richards83@example.com,West Sarah,Georgia,2024-10-21,Rewards Gold
84,Catherine,Carson,catherine.carson84@example.com,Franciscoport,Texas,2026-02-26,Rewards Member
85,William,Bentley,william.bentley85@example.com,Williamhaven,New York,2024-05-11,Rewards Gold
86,Paul,Rodriguez,paul.rodriguez86@example.com,Ericksonport,California,2023-10-18,None
87,Barbara,Hall,barbara.hall87@example.com,Cabrerastad,Illinois,2025-05-23,Rewards Member
88,Jonathan,Johnson,jonathan.johnson88@example.com,Emilychester,California,2025-08-24,None
89,Jeanne,Henson,jeanne.henson89@example.com,Lauratown,Pennsylvania,2024-06-24,Rewards Member
90,Aaron,Hoffman,aaron.hoffman90@example.com,Bakershire,California,2025-01-19,None
91,Sara,Herman,sara.herman91@example.com,Lake Brett,California,2023-03-28,Rewards Gold
92,Amanda,Walker,amanda.walker92@example.com,Jacksonfurt,Texas,2025-01-25,None
93,Jennifer,Brown,jennifer.brown93@example.com,Port Erin,Texas,2022-07-19,None
94,Judy,Colon,judy.colon94@example.com,New Stacyville,Ohio,2023-08-16,Rewards Gold
95,Emily,Blankenship,emily.blankenship95@example.com,North Scott,Georgia,2025-07-29,None
96,Michael,Turner,michael.turner96@example.com,Hernandezborough,Illinois,2023-03-16,Rewards Member
97,Chad,Ortiz,chad.ortiz97@example.com,Shawfort,California,2025-08-02,None
98,Elizabeth,Taylor,elizabeth.taylor98@example.com,Lake Devinborough,California,2024-06-27,None
99,Mark,Shah,mark.shah99@example.com,Whitneyfort,New York,2025-08-01,None
100,Lee,Torres,lee.torres100@example.com,Edwardsburgh,Texas,2022-11-18,None
101,Melanie,Vasquez,melanie.vasquez101@example.com,Barrmouth,Illinois,2024-12-26,None
102,Jennifer,Davis,jennifer.davis102@example.com,Ericaview,Michigan,2025-01-23,Rewards Gold
103,Kevin,Clay,kevin.clay103@example.com,Leebury,Ohio,2024-02-22,Rewards Gold
104,Kyle,Taylor,kyle.taylor104@example.com,Angelabury,Georgia,2026-05-23,None
105,Ricky,Chavez,ricky.chavez105@example.com,Kellieborough,Florida,2024-01-24,Rewards Member
106,Richard,Santiago,richard.santiago106@example.com,Stewartstad,Georgia,2022-09-06,None
107,Kenneth,Paul,kenneth.paul107@example.com,Keithshire,Pennsylvania,2023-04-30,None
108,David,Bautista,david.bautista108@example.com,Huangfurt,California,2024-01-09,Rewards Member
109,Robert,Barnes,robert.barnes109@example.com,Stephanieberg,Ohio,2022-08-02,None
110,Shelby,Newton,shelby.newton110@example.com,Bobbyland,Pennsylvania,2023-10-26,None
111,Erica,Moore,erica.moore111@example.com,Sandraview,Illinois,2025-11-11,None
112,Raven,Perry,raven.perry112@example.com,Lewisside,Florida,2023-04-17,Rewards Member
113,Christina,Garcia,christina.garcia113@example.com,Sarahview,Texas,2025-03-27,Rewards Member
114,Kevin,Burns,kevin.burns114@example.com,North Christina,Ohio,2025-01-13,Rewards Gold
115,Amy,Russell,amy.russell115@example.com,East Brent,Ohio,2023-07-11,Rewards Gold
116,Aaron,Lynn,aaron.lynn116@example.com,Lake Jesse,California,2025-04-21,None
117,Justin,Johnson,justin.johnson117@example.com,South Markfort,North Carolina,2023-11-28,Rewards Member
118,Russell,Wood,russell.wood118@example.com,Lake Kellitown,Ohio,2023-01-17,Rewards Gold
119,Bethany,Ramos,bethany.ramos119@example.com,South Denise,New York,2024-01-24,None
120,Diana,Sampson,diana.sampson120@example.com,Woodsborough,Florida,2024-11-19,Rewards Member
121,Steven,Foley,steven.foley121@example.com,Manuelton,Florida,2023-03-14,None
122,Scott,Garcia,scott.garcia122@example.com,Lake Audreyside,New York,2025-10-28,Rewards Gold
123,Jason,Jennings,jason.jennings123@example.com,East Robertburgh,Michigan,2023-09-21,None
124,Thomas,Stephens,thomas.stephens124@example.com,Port Randyfort,New York,2023-09-10,None
125,Rachel,Levine,rachel.levine125@example.com,Lake Suzanne,New York,2025-06-10,None
126,Laura,Howard,laura.howard126@example.com,Nancytown,Florida,2024-11-30,Rewards Gold
127,Gene,Sanders,gene.sanders127@example.com,Ashleyville,Georgia,2023-11-18,None
128,Christopher,Lopez,christopher.lopez128@example.com,Justinside,Florida,2026-01-30,Rewards Member
129,Zachary,Martinez,zachary.martinez129@example.com,Smallberg,North Carolina,2026-07-06,Rewards Member
130,Cynthia,Charles,cynthia.charles130@example.com,Nelsonville,California,2023-11-25,None
131,Matthew,Gibson,matthew.gibson131@example.com,Franciscomouth,Pennsylvania,2026-02-18,None
132,Loretta,Bates,loretta.bates132@example.com,Jennifertown,Georgia,2023-12-19,Rewards Gold
133,Karen,May,karen.may133@example.com,Krystalshire,Texas,2023-04-14,None
134,Emily,Harper,emily.harper134@example.com,East Cheryl,Pennsylvania,2026-04-28,None
135,Jeffrey,Smith,jeffrey.smith135@example.com,Wilcoxhaven,California,2026-03-15,None
136,James,Buchanan,james.buchanan136@example.com,Christopherville,North Carolina,2024-02-22,Rewards Member
137,Andrew,Sanchez,andrew.sanchez137@example.com,East Thomas,North Carolina,2023-06-11,Rewards Member
138,John,Martinez,john.martinez138@example.com,North Jose,Texas,2025-06-09,None
139,Thomas,Cunningham,thomas.cunningham139@example.com,South Karen,Georgia,2023-01-20,None
140,Melissa,Jones,melissa.jones140@example.com,Kevinshire,Michigan,2025-06-19,None
141,Charles,Hubbard,charles.hubbard141@example.com,West Desireebury,New York,2024-11-20,Rewards Gold
142,Robert,Clark,robert.clark142@example.com,Lake Davidport,Georgia,2023-03-16,None
143,Crystal,Robinson,crystal.robinson143@example.com,South Gina,Michigan,2023-12-30,Rewards Gold
144,James,Kane,james.kane144@example.com,Hannahport,North Carolina,2025-02-17,Rewards Member
145,Heather,Murphy,heather.murphy145@example.com,Christinabury,Florida,2022-09-05,None
146,Troy,Hernandez,troy.hernandez146@example.com,South Eric,California,2026-01-13,None
147,John,Lester,john.lester147@example.com,Robertside,Texas,2023-07-21,Rewards Member
148,Diana,Smith,diana.smith148@example.com,Toddborough,California,2024-09-01,Rewards Member
149,Adam,Garrison,adam.garrison149@example.com,Lake Karen,Illinois,2022-09-21,None
150,Karen,Thomas,karen.thomas150@example.com,New Seanstad,Illinois,2026-07-05,Rewards Member
151,Kayla,Anderson,kayla.anderson151@example.com,New Danielside,Georgia,2025-03-06,None
152,Daniel,King,daniel.king152@example.com,New Amanda,North Carolina,2025-02-21,None
153,Ronald,Thompson,ronald.thompson153@example.com,West Melissa,North Carolina,2022-08-10,None
154,Gregory,Guerrero,gregory.guerrero154@example.com,Wilsonborough,New York,2025-04-15,Rewards Member
155,Susan,Johnson,susan.johnson155@example.com,Davishaven,New York,2024-03-12,None
156,April,Smith,april.smith156@example.com,Stokesmouth,New York,2024-01-19,Rewards Member
157,Brent,Tyler,brent.tyler157@example.com,New Robert,Florida,2024-09-19,Rewards Gold
158,John,Young,john.young158@example.com,New Stevenport,Pennsylvania,2024-06-05,None
159,Melinda,Morris,melinda.morris159@example.com,South Jonathantown,Ohio,2023-02-21,None
160,Stephen,Thompson,stephen.thompson160@example.com,New Charles,Pennsylvania,2025-04-23,Rewards Member
161,Laurie,Williams,laurie.williams161@example.com,Cooperland,California,2025-01-18,None
162,Elizabeth,Harmon,elizabeth.harmon162@example.com,North Valeriefort,Pennsylvania,2023-09-25,None
163,Vanessa,Fox,vanessa.fox163@example.com,West Robertberg,Florida,2025-03-05,None
164,Caitlin,Reese,caitlin.reese164@example.com,Brooksfurt,California,2025-03-06,Rewards Member
165,Stephanie,Alvarez,stephanie.alvarez165@example.com,Kanefurt,Pennsylvania,2023-08-11,Rewards Gold
166,Patricia,Strickland,patricia.strickland166@example.com,Millerside,Florida,2024-12-13,Rewards Member
167,Cheyenne,Palmer,cheyenne.palmer167@example.com,Lake Michelle,Ohio,2023-01-29,None
168,Jennifer,Rodriguez,jennifer.rodriguez168@example.com,East Victoriafurt,Pennsylvania,2025-11-07,None
169,William,Gordon,william.gordon169@example.com,Lake Tiffany,Florida,2022-12-13,None
170,Maria,Dougherty,maria.dougherty170@example.com,Port Andrewport,New York,2025-05-28,None
171,Amy,Williams,amy.williams171@example.com,Nunezside,North Carolina,2023-01-01,Rewards Member
172,Phyllis,Logan,phyllis.logan172@example.com,Patelbury,New York,2022-12-26,Rewards Gold
173,Julia,Camacho,julia.camacho173@example.com,South Michael,North Carolina,2022-12-15,Rewards Member
174,Thomas,Boyd,thomas.boyd174@example.com,Jacobville,Texas,2023-04-29,None
175,Jonathon,Ellis,jonathon.ellis175@example.com,Port Donnatown,Texas,2023-04-30,None
176,John,Maynard,john.maynard176@example.com,East Carlos,Texas,2023-08-01,Rewards Member
177,Dana,Brown,dana.brown177@example.com,South Carlaton,Ohio,2024-08-15,Rewards Gold
178,Katie,Mendoza,katie.mendoza178@example.com,Lake Bradley,New York,2023-05-03,Rewards Member
179,Adrienne,Morales,adrienne.morales179@example.com,Youngborough,North Carolina,2025-05-05,Rewards Gold
180,Courtney,Parks,courtney.parks180@example.com,East Williamport,Florida,2023-09-17,Rewards Gold
181,Joshua,Henry,joshua.henry181@example.com,Port Sabrina,California,2022-09-08,Rewards Member
182,Chris,Browning,chris.browning182@example.com,Barbaramouth,Florida,2024-07-07,Rewards Gold
183,Justin,Jones,justin.jones183@example.com,West Nancy,California,2023-05-12,None
184,Joseph,Miller,joseph.miller184@example.com,South Kevin,Illinois,2026-04-06,Rewards Gold
185,Luis,Franklin,luis.franklin185@example.com,New Stacyburgh,Florida,2023-11-08,Rewards Gold
186,Amber,Jones,amber.jones186@example.com,Peterston,Pennsylvania,2022-07-17,Rewards Gold
187,Devon,Hill,devon.hill187@example.com,Shellyfurt,Pennsylvania,2025-03-20,None
188,Jesse,Schultz,jesse.schultz188@example.com,Heatherchester,Georgia,2026-02-26,None
189,Heather,Kelley,heather.kelley189@example.com,West Nicholas,New York,2025-11-14,None
190,Jasmine,Nguyen,jasmine.nguyen190@example.com,Allenbury,California,2025-03-16,Rewards Member
191,Caleb,Vang,caleb.vang191@example.com,Meredithberg,California,2023-02-15,Rewards Member
192,Rick,Schmidt,rick.schmidt192@example.com,Melendezside,New York,2022-11-21,Rewards Gold
193,Amy,Chavez,amy.chavez193@example.com,Faulknerside,Ohio,2024-07-29,None
194,Robert,Jacobs,robert.jacobs194@example.com,South John,Georgia,2025-06-04,Rewards Member
195,Jamie,Garcia,jamie.garcia195@example.com,West Deborah,Ohio,2022-12-07,Rewards Member
196,Robert,Miles,robert.miles196@example.com,Booneland,Ohio,2023-07-21,None
197,Rebecca,Farrell,rebecca.farrell197@example.com,North Joseph,Ohio,2023-06-15,Rewards Member
198,Brandy,Curtis,brandy.curtis198@example.com,Port Charlesshire,New York,2026-06-26,Rewards Gold
199,Heather,Mack,heather.mack199@example.com,South Jason,Ohio,2023-09-18,Rewards Gold
200,Melissa,Le,melissa.le200@example.com,Kevintown,Pennsylvania,2024-05-21,None
201,Kathy,Lewis,kathy.lewis201@example.com,East Suzanne,Texas,2022-12-05,Rewards Gold
202,Omar,Hayes,omar.hayes202@example.com,Lake Yvonnefort,Illinois,2023-03-25,Rewards Gold
203,Adam,Perez,adam.perez203@example.com,Lake Cassandra,California,2022-09-08,None
204,Michael,Morgan,michael.morgan204@example.com,South Rose,California,2023-09-10,Rewards Gold
205,Karen,Chavez,karen.chavez205@example.com,Kimberlyfurt,Illinois,2025-09-26,None
206,Melissa,Perry,melissa.perry206@example.com,Fergusonstad,New York,2023-10-12,None
207,Stephanie,Davis,stephanie.davis207@example.com,Josehaven,Florida,2025-06-26,None
208,Robert,Simmons,robert.simmons208@example.com,Owensfort,New York,2022-11-28,None
209,Julie,Ortega,julie.ortega209@example.com,Robinstad,California,2025-07-24,None
210,Amy,Brooks,amy.brooks210@example.com,Robertshire,California,2022-09-18,Rewards Member
211,Carrie,Hernandez,carrie.hernandez211@example.com,Lake Dustin,Illinois,2025-12-08,Rewards Member
212,Jeffrey,Leblanc,jeffrey.leblanc212@example.com,Angelashire,Ohio,2025-03-08,Rewards Member
213,Jeffrey,Jones,jeffrey.jones213@example.com,Phillipsborough,New York,2023-03-19,Rewards Gold
214,Ryan,Decker,ryan.decker214@example.com,Jerryshire,North Carolina,2023-12-17,None
215,Anthony,Davis,anthony.davis215@example.com,South Andrea,Illinois,2024-04-12,Rewards Gold
216,Matthew,Davis,matthew.davis216@example.com,Jonathanfort,Pennsylvania,2025-01-06,Rewards Member
217,Erin,Rodgers,erin.rodgers217@example.com,Murraystad,California,2026-01-16,None
218,Richard,Cain,richard.cain218@example.com,East Jennifer,Illinois,2022-11-25,Rewards Member
219,Frederick,Hawkins,frederick.hawkins219@example.com,Whiteside,New York,2025-10-15,None
220,Tanner,Willis,tanner.willis220@example.com,New Arthurland,California,2023-04-06,Rewards Member
221,David,Hoffman,david.hoffman221@example.com,Port Adamberg,Florida,2024-02-18,None
222,Cindy,Rivera,cindy.rivera222@example.com,North Jasmine,Illinois,2026-05-18,Rewards Member
223,Anthony,Martinez,anthony.martinez223@example.com,East Williamstad,Georgia,2023-08-14,None
224,Phillip,Gomez,phillip.gomez224@example.com,New Danafort,California,2024-01-27,None
225,Anne,Ortega,anne.ortega225@example.com,Smithside,New York,2025-12-06,Rewards Gold
226,Anthony,Christensen,anthony.christensen226@example.com,Smithhaven,Texas,2025-09-23,Rewards Gold
227,Dawn,Parrish,dawn.parrish227@example.com,Amandaport,North Carolina,2025-02-14,Rewards Member
228,Derek,Griffith,derek.griffith228@example.com,New Lisachester,Michigan,2025-09-19,Rewards Gold
229,Steven,Schmitt,steven.schmitt229@example.com,North Samantha,Ohio,2022-12-25,None
230,Brent,Burke,brent.burke230@example.com,East James,Michigan,2025-04-25,Rewards Member
231,Nicholas,Bell,nicholas.bell231@example.com,Lisaview,New York,2022-10-06,Rewards Member
232,Jason,Lane,jason.lane232@example.com,Millerfurt,Pennsylvania,2026-04-19,None
233,Mark,Lewis,mark.lewis233@example.com,Cunninghambury,Pennsylvania,2023-03-02,None
234,Kathleen,Douglas,kathleen.douglas234@example.com,Gabriellaland,Texas,2024-03-11,None
235,Nicholas,Walker,nicholas.walker235@example.com,North Richardfurt,Ohio,2024-11-22,Rewards Gold
236,Karen,Rodriguez,karen.rodriguez236@example.com,Browntown,Georgia,2025-09-27,None
237,Marie,Bruce,marie.bruce237@example.com,North Vincent,Texas,2025-03-30,None
238,Johnny,Richardson,johnny.richardson238@example.com,Newmanmouth,Michigan,2023-04-03,Rewards Member
239,Christopher,Farmer,christopher.farmer239@example.com,New Samanthabury,Texas,2024-01-18,None
240,Andrew,Andrews,andrew.andrews240@example.com,Port Heather,Michigan,2023-12-18,Rewards Member
241,Amber,Aguirre,amber.aguirre241@example.com,Nelsonland,California,2022-08-24,None
242,Zoe,Bruce,zoe.bruce242@example.com,Rachelshire,Pennsylvania,2025-04-08,Rewards Member
243,Michael,Villegas,michael.villegas243@example.com,East Sarahmouth,California,2025-11-19,None
244,Debra,Cardenas,debra.cardenas244@example.com,East Brendafurt,North Carolina,2026-06-04,Rewards Member
245,Kimberly,Austin,kimberly.austin245@example.com,West Franciscobury,Ohio,2023-01-19,None
246,Denise,Day,denise.day246@example.com,Rhodesside,Georgia,2026-03-18,Rewards Member
247,Karen,Johnson,karen.johnson247@example.com,Patrickberg,Michigan,2022-12-25,None
248,Stefanie,Hickman,stefanie.hickman248@example.com,New Juliestad,Georgia,2024-03-04,None
249,James,Gallegos,james.gallegos249@example.com,North Samuelland,Michigan,2022-09-18,None
250,Andrew,Adams,andrew.adams250@example.com,Cassiefurt,New York,2023-07-30,None
251,Elijah,White,elijah.white251@example.com,Anthonyview,Texas,2023-10-15,Rewards Gold
252,David,Park,david.park252@example.com,Henrystad,North Carolina,2025-05-07,None
253,Elizabeth,Parker,elizabeth.parker253@example.com,Reynoldsshire,Pennsylvania,2025-03-29,Rewards Gold
254,Anne,Morgan,anne.morgan254@example.com,Millerport,Michigan,2025-08-07,None
255,Jeffery,Smith,jeffery.smith255@example.com,Lake Charles,Georgia,2024-11-01,Rewards Member
256,Holly,Kane,holly.kane256@example.com,Ericberg,North Carolina,2024-10-15,Rewards Gold
257,Katie,Knight,katie.knight257@example.com,Stewartville,Florida,2026-06-10,Rewards Member
258,Gary,Morales,gary.morales258@example.com,North Sherrymouth,Florida,2025-03-17,Rewards Member
259,Catherine,Thomas,catherine.thomas259@example.com,Kathleenville,California,2023-11-19,None
260,Julie,Schultz,julie.schultz260@example.com,North Jacob,Pennsylvania,2024-08-15,Rewards Gold
261,Danny,Johnson,danny.johnson261@example.com,Hawkinshaven,New York,2025-05-01,Rewards Member
262,Lori,Reese,lori.reese262@example.com,Garcialand,Georgia,2022-11-29,None
263,Tami,Lewis,tami.lewis263@example.com,Angelamouth,Texas,2025-03-05,None
264,Daniel,Barnes,daniel.barnes264@example.com,Smithchester,Texas,2023-07-11,None
265,Anthony,Peterson,anthony.peterson265@example.com,Maxwellside,Georgia,2023-11-30,Rewards Member
266,Larry,Wood,larry.wood266@example.com,New Adriana,Ohio,2025-03-27,None
267,Erica,Griffith,erica.griffith267@example.com,Jacksonview,New York,2024-01-26,None
268,Susan,Frank,susan.frank268@example.com,Josephberg,North Carolina,2025-11-19,None
269,Randy,Bradley,randy.bradley269@example.com,East Ryanchester,Michigan,2024-10-05,Rewards Gold
270,Jennifer,Miller,jennifer.miller270@example.com,Toddland,Ohio,2026-06-25,Rewards Member
271,Charles,Williams,charles.williams271@example.com,Johnathanbury,Michigan,2022-09-30,Rewards Member
272,Hannah,Moore,hannah.moore272@example.com,Wheelerborough,Michigan,2025-02-07,None
273,Courtney,Williamson,courtney.williamson273@example.com,Rodriguezport,Ohio,2023-02-27,None
274,Curtis,Craig,curtis.craig274@example.com,South Martinfurt,California,2025-12-04,Rewards Member
275,Kendra,Nelson,kendra.nelson275@example.com,Scottchester,Florida,2025-12-08,Rewards Gold
276,Melissa,Stanley,melissa.stanley276@example.com,West Malik,Michigan,2026-01-03,Rewards Member
277,Caroline,Tucker,caroline.tucker277@example.com,South Leon,Ohio,2022-10-30,Rewards Gold
278,David,Ramos,david.ramos278@example.com,Novakport,Ohio,2024-06-30,None
279,Tonya,Nelson,tonya.nelson279@example.com,Faulknerbury,Illinois,2023-06-29,Rewards Member
280,Kimberly,Fischer,kimberly.fischer280@example.com,Nicholasfurt,California,2026-05-30,Rewards Member
281,Michael,Wilson,michael.wilson281@example.com,Danielshire,Pennsylvania,2022-09-24,Rewards Member
282,Ross,Jordan,ross.jordan282@example.com,New Wendy,Illinois,2023-06-03,None
283,Mitchell,Campbell,mitchell.campbell283@example.com,Lake Katrina,Illinois,2025-02-06,None
284,William,Gregory,william.gregory284@example.com,Lake Stevenborough,Georgia,2024-02-22,Rewards Gold
285,Matthew,Tucker,matthew.tucker285@example.com,Salinasland,Florida,2023-06-21,None
286,Melissa,Estrada,melissa.estrada286@example.com,Chambersberg,Ohio,2024-05-13,Rewards Gold
287,Lynn,Williams,lynn.williams287@example.com,Johnberg,Florida,2025-09-25,Rewards Member
288,Daniel,Foster,daniel.foster288@example.com,Mccormickland,New York,2024-04-27,None
289,Susan,Greene,susan.greene289@example.com,Ewingfort,Georgia,2025-12-15,Rewards Member
290,Cynthia,Smith,cynthia.smith290@example.com,Fergusonchester,Pennsylvania,2024-04-26,None
291,Maria,Turner,maria.turner291@example.com,Port Tanyaside,Florida,2023-01-02,None
292,Jasmine,Clark,jasmine.clark292@example.com,North Kaylastad,Texas,2024-07-08,None
293,Ryan,Taylor,ryan.taylor293@example.com,Lake Cheyenne,Michigan,2025-02-21,Rewards Gold
294,Jessica,Scott,jessica.scott294@example.com,Rasmussenmouth,New York,2022-12-09,None
295,Tammy,Murphy,tammy.murphy295@example.com,Rodriguezville,California,2024-03-06,Rewards Member
296,Joseph,Smith,joseph.smith296@example.com,Jeffreyhaven,Pennsylvania,2024-10-03,Rewards Gold
297,Lindsey,Burgess,lindsey.burgess297@example.com,South Neil,New York,2022-07-13,None
298,Amanda,Thompson,amanda.thompson298@example.com,Bartonshire,Michigan,2022-11-22,None
299,Timothy,James,timothy.james299@example.com,West Whitney,Georgia,2024-12-11,None
300,Ryan,Padilla,ryan.padilla300@example.com,Garciachester,Michigan,2025-01-02,None
301,Jessica,Mason,jessica.mason301@example.com,North Marieberg,Illinois,2023-10-01,None
302,Joseph,Whitaker,joseph.whitaker302@example.com,Larrymouth,Michigan,2024-07-24,None
303,Melissa,Drake,melissa.drake303@example.com,New Timothy,Illinois,2023-05-11,Rewards Gold
304,Mariah,Jones,mariah.jones304@example.com,Davismouth,Georgia,2025-03-20,Rewards Member
305,Christopher,Hensley,christopher.hensley305@example.com,Carloston,North Carolina,2026-05-01,None
306,Nicole,Williams,nicole.williams306@example.com,North Melindaville,Illinois,2023-12-25,None
307,John,Smith,john.smith307@example.com,Lake John,California,2022-09-30,Rewards Gold
308,Steven,Morse,steven.morse308@example.com,New Ethan,Michigan,2023-06-03,Rewards Gold
309,Cheryl,Atkins,cheryl.atkins309@example.com,Mullenbury,Michigan,2024-05-06,None
310,Nicholas,Johnston,nicholas.johnston310@example.com,Sotoburgh,California,2024-10-08,None
311,Anthony,Berry,anthony.berry311@example.com,Fosterborough,Texas,2025-01-03,None
312,Melissa,Mckinney,melissa.mckinney312@example.com,Vargasfurt,Ohio,2024-06-03,Rewards Member
313,Hunter,Butler,hunter.butler313@example.com,Lake Jasonview,North Carolina,2025-02-27,Rewards Member
314,Jason,Wilson,jason.wilson314@example.com,New Cristianside,Pennsylvania,2025-05-23,None
315,Lauren,Smith,lauren.smith315@example.com,West Mark,Illinois,2022-12-26,Rewards Member
316,Matthew,Nguyen,matthew.nguyen316@example.com,Wilsonfort,California,2025-07-26,Rewards Gold
317,Nicole,Solis,nicole.solis317@example.com,Candicefurt,Georgia,2023-06-01,None
318,Jacqueline,Montgomery,jacqueline.montgomery318@example.com,West Michaelmouth,Illinois,2023-11-23,Rewards Member
319,Joshua,Collier,joshua.collier319@example.com,Port Emily,Ohio,2025-11-06,Rewards Member
320,Alejandro,Gillespie,alejandro.gillespie320@example.com,Samanthashire,Georgia,2026-05-22,Rewards Gold
321,Stacy,Davis,stacy.davis321@example.com,Lake Dennisville,New York,2023-09-12,None
322,Christopher,Richard,christopher.richard322@example.com,West Daryl,Michigan,2024-08-13,None
323,Jennifer,Sanchez,jennifer.sanchez323@example.com,Heatherhaven,New York,2025-05-03,Rewards Member
324,Tracy,Chapman,tracy.chapman324@example.com,Barnesberg,Illinois,2022-09-17,Rewards Member
325,Katherine,Warren,katherine.warren325@example.com,Hendersonfort,Ohio,2023-03-09,None
326,Hannah,Foster,hannah.foster326@example.com,New Garrett,North Carolina,2023-02-03,None
327,Debbie,Collins,debbie.collins327@example.com,Donaldmouth,Illinois,2025-05-25,Rewards Gold
328,Travis,Morgan,travis.morgan328@example.com,Harveystad,California,2025-06-01,Rewards Member
329,Laura,Cook,laura.cook329@example.com,South Derrickfurt,Florida,2022-12-16,Rewards Gold
330,Christopher,Jackson,christopher.jackson330@example.com,Ortizfort,Illinois,2024-12-21,None
331,Jeffrey,Dixon,jeffrey.dixon331@example.com,Mckinneymouth,Michigan,2023-04-13,None
332,Heather,Wilson,heather.wilson332@example.com,Jacksonshire,Michigan,2026-04-02,Rewards Member
333,Kevin,Hicks,kevin.hicks333@example.com,Port Kathleenport,Illinois,2024-02-07,None
334,Bonnie,Bullock,bonnie.bullock334@example.com,West Jeffreyport,Georgia,2024-05-10,None
335,Thomas,Bailey,thomas.bailey335@example.com,Port Stephen,Florida,2025-08-27,None
336,Alyssa,Luna,alyssa.luna336@example.com,Dunnville,California,2025-05-25,Rewards Gold
337,Ronald,Fuentes,ronald.fuentes337@example.com,West Kimberlystad,Illinois,2022-12-17,Rewards Gold
338,Julie,Briggs,julie.briggs338@example.com,Port Jenniferside,Georgia,2024-03-09,Rewards Member
339,Mark,Young,mark.young339@example.com,South Curtis,Michigan,2026-03-27,Rewards Member
340,Jacqueline,Thomas,jacqueline.thomas340@example.com,West Nancy,Michigan,2025-11-17,Rewards Member
341,Joseph,Gonzalez,joseph.gonzalez341@example.com,South Joseland,Ohio,2024-11-19,Rewards Member
342,John,Morrison,john.morrison342@example.com,Grimesville,Illinois,2025-08-14,Rewards Member
343,David,Wolf,david.wolf343@example.com,East Lisa,Florida,2024-05-01,Rewards Member
344,James,Rios,james.rios344@example.com,Michellechester,Texas,2025-03-01,Rewards Member
345,David,Thompson,david.thompson345@example.com,New Donald,Florida,2026-05-09,Rewards Member
346,Amanda,Mejia,amanda.mejia346@example.com,Port Jamie,Michigan,2023-01-25,Rewards Member
347,Kathleen,Snyder,kathleen.snyder347@example.com,New Michaelview,Michigan,2024-07-10,Rewards Member
348,Jacob,Webster,jacob.webster348@example.com,West Tiffany,New York,2024-08-25,None
349,Javier,Wolf,javier.wolf349@example.com,Keithview,Michigan,2022-09-21,None
350,Todd,Cole,todd.cole350@example.com,East Sydneychester,California,2026-04-09,None
351,Jenny,Glass,jenny.glass351@example.com,West Michelleberg,Pennsylvania,2025-11-19,None
352,Tiffany,Cunningham,tiffany.cunningham352@example.com,East Dustin,Illinois,2024-06-17,Rewards Member
353,Alicia,Reid,alicia.reid353@example.com,Mariafurt,Florida,2024-07-24,Rewards Member
354,Justin,Weber,justin.weber354@example.com,Thomasview,Pennsylvania,2026-03-19,None
355,Craig,Lin,craig.lin355@example.com,Brooksland,Georgia,2023-03-28,None
356,James,Burton,james.burton356@example.com,South Zacharyview,Texas,2024-11-04,None
357,Jeremy,Hernandez,jeremy.hernandez357@example.com,Shawnfort,California,2025-06-14,Rewards Member
358,Harry,Jones,harry.jones358@example.com,Brandiland,Florida,2023-01-16,Rewards Member
359,Alexis,Ramos,alexis.ramos359@example.com,Reidstad,Pennsylvania,2024-01-29,None
360,Amanda,Turner,amanda.turner360@example.com,Port Amandaborough,Texas,2024-12-06,Rewards Gold
361,Joshua,Hill,joshua.hill361@example.com,Summersfort,New York,2026-01-22,None
362,Terri,Brown,terri.brown362@example.com,Marcusport,California,2024-07-18,Rewards Gold
363,Angela,Romero,angela.romero363@example.com,Amyberg,California,2024-01-25,Rewards Gold
364,Heidi,Collins,heidi.collins364@example.com,Kramerton,New York,2026-06-13,None
365,David,Hayes,david.hayes365@example.com,North Conniemouth,Illinois,2026-03-12,Rewards Gold
366,Miranda,Brown,miranda.brown366@example.com,North Sarahburgh,New York,2025-07-30,None
367,Travis,Decker,travis.decker367@example.com,Bryantchester,California,2023-08-16,Rewards Member
368,Monique,Jones,monique.jones368@example.com,Lake Regina,California,2026-05-20,None
369,Audrey,Lin,audrey.lin369@example.com,Erikview,Pennsylvania,2026-05-30,Rewards Member
370,Taylor,Wyatt,taylor.wyatt370@example.com,Lake Michaelland,Michigan,2024-05-04,Rewards Gold
371,Scott,Gilbert,scott.gilbert371@example.com,Elizabethburgh,Texas,2023-01-23,None
372,Jack,Hunter,jack.hunter372@example.com,South Conniebury,New York,2024-03-07,None
373,Brett,Ford,brett.ford373@example.com,Riosville,Texas,2025-04-30,None
374,Shelley,Spencer,shelley.spencer374@example.com,East Thomasberg,New York,2025-07-10,Rewards Member
375,Tim,Conner,tim.conner375@example.com,New Erin,Georgia,2023-09-22,None
376,Lynn,Huang,lynn.huang376@example.com,North Heatherville,California,2025-05-02,Rewards Member
377,Richard,Cole,richard.cole377@example.com,Bensonfort,Michigan,2025-12-21,Rewards Member
378,Charles,Pacheco,charles.pacheco378@example.com,East Patrickville,Pennsylvania,2025-05-18,Rewards Member
379,Crystal,Pearson,crystal.pearson379@example.com,West Michaelport,Michigan,2026-04-09,Rewards Member
380,Brian,Morris,brian.morris380@example.com,South Kiara,Michigan,2025-01-22,Rewards Member
381,Edward,Alvarez,edward.alvarez381@example.com,Lake Victoria,Michigan,2023-05-02,Rewards Member
382,Anna,Hernandez,anna.hernandez382@example.com,North Alyssa,Texas,2025-01-09,None
383,Kevin,Brown,kevin.brown383@example.com,New Debramouth,New York,2023-09-10,None
384,Victoria,Garcia,victoria.garcia384@example.com,Jenniferberg,North Carolina,2023-11-29,Rewards Member
385,David,Nolan,david.nolan385@example.com,Jensenmouth,Georgia,2025-03-21,None
386,Kathy,Cooper,kathy.cooper386@example.com,North Peggy,Florida,2026-06-15,None
387,Catherine,Klein,catherine.klein387@example.com,Port David,Michigan,2025-02-16,Rewards Gold
388,Krystal,Wagner,krystal.wagner388@example.com,Bellchester,Illinois,2026-05-13,None
389,Jeremiah,Thompson,jeremiah.thompson389@example.com,Kyliebury,Texas,2024-07-18,Rewards Member
390,Alexandra,Wright,alexandra.wright390@example.com,Deannabury,Pennsylvania,2025-04-22,Rewards Gold
391,Shannon,Kim,shannon.kim391@example.com,Kimberlytown,Florida,2023-10-26,None
392,Scott,Gonzales,scott.gonzales392@example.com,Jamiehaven,North Carolina,2022-12-28,Rewards Gold
393,Michelle,Mills,michelle.mills393@example.com,Lake Peter,Illinois,2023-12-09,None
394,Veronica,Moore,veronica.moore394@example.com,Port Rachaelbury,North Carolina,2024-06-13,None
395,Kevin,Watson,kevin.watson395@example.com,Cruzbury,Florida,2024-10-23,Rewards Gold
396,Christine,Campbell,christine.campbell396@example.com,Littleland,Michigan,2025-03-13,Rewards Member
397,Chelsea,Ortiz,chelsea.ortiz397@example.com,West Sarahberg,Illinois,2024-03-13,Rewards Member
398,Jody,Morgan,jody.morgan398@example.com,Valenciashire,North Carolina,2025-07-09,None
399,Stacey,Harper,stacey.harper399@example.com,Diazburgh,Pennsylvania,2025-11-23,Rewards Gold
400,Jared,Mccormick,jared.mccormick400@example.com,Bestland,New York,2023-09-03,Rewards Member
401,Jason,Holland,jason.holland401@example.com,New Carlosview,California,2025-12-01,Rewards Gold
402,Donna,Jones,donna.jones402@example.com,North Sandra,New York,2025-10-05,None
403,Eric,Davis,eric.davis403@example.com,Hunterhaven,Florida,2024-08-14,None
404,Glenn,Gregory,glenn.gregory404@example.com,Hendersonfurt,Texas,2022-08-18,Rewards Gold
405,Charles,Mitchell,charles.mitchell405@example.com,Lake Amandaberg,California,2023-02-10,None
406,Aaron,Cummings,aaron.cummings406@example.com,Christopherland,Georgia,2025-03-18,Rewards Member
407,Shannon,Douglas,shannon.douglas407@example.com,Port Eric,Pennsylvania,2023-05-01,None
408,Brittney,Escobar,brittney.escobar408@example.com,Peterland,Georgia,2025-07-13,Rewards Member
409,Kelly,Marks,kelly.marks409@example.com,Hollybury,Illinois,2023-03-05,None
410,Jesse,Cook,jesse.cook410@example.com,East Christopherchester,California,2023-09-04,None
411,Jasmine,Aguilar,jasmine.aguilar411@example.com,South Cherylton,Georgia,2023-07-14,Rewards Member
412,Jacqueline,Thomas,jacqueline.thomas412@example.com,Elizabethburgh,Georgia,2025-11-20,None
413,Shawn,Bailey,shawn.bailey413@example.com,North Jeantown,North Carolina,2025-04-16,Rewards Member
414,Grace,Ponce,grace.ponce414@example.com,South Stephanie,New York,2023-09-17,None
415,Sandra,Hale,sandra.hale415@example.com,Garyberg,North Carolina,2025-07-18,None
416,Kristin,Myers,kristin.myers416@example.com,Jessicaville,California,2022-08-29,None
417,Colleen,Larson,colleen.larson417@example.com,West Lindsayview,California,2025-10-14,Rewards Member
418,Donna,Hurley,donna.hurley418@example.com,West Jennifershire,Florida,2022-12-09,None
419,Sarah,Collins,sarah.collins419@example.com,South Spencerstad,North Carolina,2026-01-01,None
420,Ronald,Bennett,ronald.bennett420@example.com,South Micheleburgh,Ohio,2025-06-27,None
421,Amy,Conner,amy.conner421@example.com,Ericville,New York,2025-12-27,Rewards Gold
422,Deborah,Li,deborah.li422@example.com,East Joycetown,California,2025-07-01,None
423,Rebekah,Santiago,rebekah.santiago423@example.com,Port Michellebury,Florida,2024-10-10,None
424,Margaret,Calderon,margaret.calderon424@example.com,South Michaelberg,North Carolina,2023-06-25,None
425,Charles,Rodgers,charles.rodgers425@example.com,Port Austin,New York,2025-08-31,None
426,Gabriel,Jennings,gabriel.jennings426@example.com,Walkerbury,North Carolina,2025-09-22,None
427,Kyle,Fox,kyle.fox427@example.com,Moonmouth,Georgia,2023-09-06,None
428,Kaitlyn,Lucas,kaitlyn.lucas428@example.com,Margaretshire,Florida,2025-03-09,None
429,Ashley,Henderson,ashley.henderson429@example.com,Davidton,New York,2026-03-27,None
430,Keith,Cox,keith.cox430@example.com,East Linda,Michigan,2024-01-30,Rewards Member
431,David,Cox,david.cox431@example.com,South Caseymouth,Illinois,2026-05-10,None
432,Haley,White,haley.white432@example.com,Kiaraport,Illinois,2026-06-07,None
433,Holly,Lewis,holly.lewis433@example.com,Christophermouth,New York,2023-10-12,Rewards Gold
434,Sherri,Meza,sherri.meza434@example.com,West Jamesshire,North Carolina,2024-09-26,None
435,Vincent,Tucker,vincent.tucker435@example.com,Jodibury,Florida,2022-07-31,Rewards Member
436,Troy,Perez,troy.perez436@example.com,Richardsonfort,Illinois,2023-07-15,Rewards Gold
437,Christopher,Taylor,christopher.taylor437@example.com,Lake Rachel,Florida,2025-01-04,Rewards Member
438,Bill,Jones,bill.jones438@example.com,East Adam,Illinois,2025-08-26,None
439,Ryan,Richard,ryan.richard439@example.com,Johnsonside,Georgia,2026-01-04,None
440,Marcus,Garcia,marcus.garcia440@example.com,Cynthiatown,North Carolina,2025-11-06,Rewards Member
441,John,Wise,john.wise441@example.com,Aaronfurt,Georgia,2026-03-05,None
442,Christopher,Conley,christopher.conley442@example.com,Daltonhaven,Illinois,2025-05-07,Rewards Gold
443,Suzanne,Stephenson,suzanne.stephenson443@example.com,South Travis,Michigan,2025-02-13,None
444,Mary,Johnson,mary.johnson444@example.com,East Jenniferland,Michigan,2025-07-20,Rewards Member
445,Barbara,Rogers,barbara.rogers445@example.com,East Phyllishaven,Georgia,2024-09-18,None
446,Stephanie,Miranda,stephanie.miranda446@example.com,Haynesstad,Michigan,2024-12-10,Rewards Member
447,Yvonne,Anderson,yvonne.anderson447@example.com,Villegasland,Illinois,2025-08-19,None
448,Emily,Bennett,emily.bennett448@example.com,New Dennisfurt,New York,2026-05-21,None
449,Joseph,Martin,joseph.martin449@example.com,New Ashleychester,Georgia,2023-09-15,Rewards Member
450,Billy,Guerra,billy.guerra450@example.com,East Kelly,Texas,2023-03-29,None
451,Katelyn,Wise,katelyn.wise451@example.com,Sarafurt,North Carolina,2025-04-05,None
452,Thomas,Lamb,thomas.lamb452@example.com,Louisview,Michigan,2023-04-12,Rewards Member
453,Denise,Martin,denise.martin453@example.com,North Sherry,Michigan,2023-03-23,Rewards Gold
454,Sabrina,Kim,sabrina.kim454@example.com,Port Kayla,California,2024-08-01,Rewards Gold
455,Howard,Jenkins,howard.jenkins455@example.com,East Danielmouth,Ohio,2024-01-15,Rewards Member
456,Brenda,Rhodes,brenda.rhodes456@example.com,Edwardsville,Georgia,2024-03-30,Rewards Member
457,Cynthia,Young,cynthia.young457@example.com,Tamiborough,Pennsylvania,2024-10-03,None
458,Travis,Wallace,travis.wallace458@example.com,Parkerview,Michigan,2023-01-19,None
459,Christopher,Mitchell,christopher.mitchell459@example.com,North Ericport,North Carolina,2024-11-12,Rewards Member
460,Michael,Goodman,michael.goodman460@example.com,East Marymouth,Texas,2023-07-20,Rewards Gold
461,Mathew,Cole,mathew.cole461@example.com,North Jennifer,Michigan,2023-11-07,None
462,Elizabeth,Ferguson,elizabeth.ferguson462@example.com,Randyton,Texas,2025-05-14,None
463,Mia,Collins,mia.collins463@example.com,Jorgeburgh,Illinois,2023-02-24,None
464,Mark,Stokes,mark.stokes464@example.com,South Melissaside,Illinois,2023-02-22,Rewards Gold
465,Heather,Harrison,heather.harrison465@example.com,North Steven,Ohio,2023-10-27,Rewards Gold
466,Keith,Conley,keith.conley466@example.com,North Alexander,New York,2022-09-25,Rewards Member
467,Sierra,Richardson,sierra.richardson467@example.com,East James,Pennsylvania,2026-04-05,None
468,Lisa,Valentine,lisa.valentine468@example.com,Watsonland,California,2024-12-28,Rewards Member
469,Andrea,Joyce,andrea.joyce469@example.com,Samanthaland,Ohio,2025-03-06,Rewards Member
470,Shawn,Murray,shawn.murray470@example.com,North Jamesmouth,Florida,2024-06-28,Rewards Gold
471,Leonard,Campbell,leonard.campbell471@example.com,North Rebecca,California,2024-10-26,None
472,Marcus,Reyes,marcus.reyes472@example.com,Davidmouth,Georgia,2023-12-18,None
473,Tara,Rose,tara.rose473@example.com,East Sandrachester,North Carolina,2025-08-31,None
474,Richard,Burch,richard.burch474@example.com,Crawfordfurt,Florida,2023-10-20,Rewards Gold
475,Xavier,Montoya,xavier.montoya475@example.com,Thompsonborough,Florida,2023-05-30,None
476,Vanessa,Solis,vanessa.solis476@example.com,West Joshua,Ohio,2023-04-07,None
477,Diane,Taylor,diane.taylor477@example.com,North Christina,New York,2022-10-20,None
478,Amy,Wright,amy.wright478@example.com,Lake Kenneth,Ohio,2024-07-20,Rewards Gold
479,Robert,Davidson,robert.davidson479@example.com,Andradefort,Georgia,2024-03-11,Rewards Member
480,Jacob,Sawyer,jacob.sawyer480@example.com,North Joshuaberg,Michigan,2024-09-04,None
481,Michael,Spencer,michael.spencer481@example.com,Gonzalezhaven,Michigan,2022-11-24,None
482,Katherine,Garcia,katherine.garcia482@example.com,Lake Virginia,New York,2023-06-01,Rewards Gold
483,Colleen,Singleton,colleen.singleton483@example.com,South Kimberlystad,Georgia,2023-05-20,Rewards Gold
484,Kathleen,Rosales,kathleen.rosales484@example.com,Stephensfort,New York,2023-11-09,None
485,James,Mitchell,james.mitchell485@example.com,Robertahaven,Texas,2023-12-22,Rewards Member
486,Andrea,Hines,andrea.hines486@example.com,Paulburgh,Michigan,2023-05-28,None
487,Sara,Nelson,sara.nelson487@example.com,West Carlatown,Florida,2025-07-16,Rewards Member
488,Samuel,Whitehead,samuel.whitehead488@example.com,Brianfort,Pennsylvania,2024-08-26,None
489,Helen,Hernandez,helen.hernandez489@example.com,Katiebury,North Carolina,2026-07-08,None
490,David,Kim,david.kim490@example.com,North John,Georgia,2025-10-28,None
491,Teresa,Potts,teresa.potts491@example.com,West Amanda,California,2026-06-15,None
492,Chelsea,Walker,chelsea.walker492@example.com,Port Wendybury,New York,2022-07-25,Rewards Gold
493,John,Hayes,john.hayes493@example.com,Kellyburgh,North Carolina,2025-03-16,None
494,Eric,Bailey,eric.bailey494@example.com,East Brittany,California,2024-04-24,Rewards Member
495,Andrea,Johnson,andrea.johnson495@example.com,Robintown,North Carolina,2026-02-23,None
496,Andrea,Brown,andrea.brown496@example.com,Staceyshire,Pennsylvania,2024-12-25,Rewards Member
497,Christopher,Shaw,christopher.shaw497@example.com,New Stacy,California,2025-01-05,None
498,Victoria,Young,victoria.young498@example.com,Weaverburgh,Ohio,2026-05-13,Rewards Member
499,Robin,Vang,robin.vang499@example.com,Johnsonton,Illinois,2025-04-05,None
500,Steven,Brooks,steven.brooks500@example.com,New Jeffery,Ohio,2023-10-24,None
501,David,Johnson,david.johnson501@example.com,Smithborough,Michigan,2026-03-12,None
502,Marilyn,Galvan,marilyn.galvan502@example.com,West Jennifer,Illinois,2026-04-23,None
503,Tyrone,Combs,tyrone.combs503@example.com,Brianberg,Ohio,2024-01-27,Rewards Member
504,Jennifer,Santos,jennifer.santos504@example.com,Port Daniel,Illinois,2024-09-09,Rewards Gold
505,William,Moody,william.moody505@example.com,Susanstad,Illinois,2023-08-30,None
506,Joshua,Taylor,joshua.taylor506@example.com,Willismouth,Florida,2026-03-05,Rewards Member
507,Mary,Mitchell,mary.mitchell507@example.com,Marcusburgh,New York,2025-10-26,None
508,Tina,Gallegos,tina.gallegos508@example.com,Connerfort,New York,2024-01-11,None
509,John,Horton,john.horton509@example.com,Grantside,Florida,2025-09-27,None
510,Andrea,Taylor,andrea.taylor510@example.com,Jeffreyshire,North Carolina,2024-04-23,Rewards Member
511,Patrick,Thornton,patrick.thornton511@example.com,South Kurt,Texas,2022-09-15,None
512,Sandra,West,sandra.west512@example.com,Davidtown,North Carolina,2026-02-14,None
513,William,Smith,william.smith513@example.com,Rosalesshire,California,2023-04-20,Rewards Gold
514,Natasha,Miller,natasha.miller514@example.com,East Carriebury,California,2024-08-01,Rewards Gold
515,Michelle,Scott,michelle.scott515@example.com,South Donaldland,Illinois,2026-04-28,None
516,Joshua,Conley,joshua.conley516@example.com,West Toni,Ohio,2023-03-14,Rewards Member
517,Kristy,Dunn,kristy.dunn517@example.com,Lake Nicole,Ohio,2026-05-10,Rewards Member
518,Robert,Acosta,robert.acosta518@example.com,Port Jennamouth,New York,2024-09-05,Rewards Member
519,Sarah,Rose,sarah.rose519@example.com,Smithborough,Georgia,2022-07-23,Rewards Gold
520,William,Rodriguez,william.rodriguez520@example.com,Lake Carlos,North Carolina,2022-10-16,Rewards Member
521,Lori,Roberts,lori.roberts521@example.com,Kristintown,Michigan,2025-03-18,Rewards Gold
522,Justin,Turner,justin.turner522@example.com,South Samuelchester,Pennsylvania,2025-08-16,None
523,Kenneth,Williams,kenneth.williams523@example.com,South Trevor,Ohio,2025-12-27,None
524,Brenda,Barnes,brenda.barnes524@example.com,Bellfurt,Pennsylvania,2024-03-23,None
525,Yolanda,Bauer,yolanda.bauer525@example.com,Port Timothyshire,Illinois,2022-12-11,Rewards Member
526,Tracy,Bryant,tracy.bryant526@example.com,East Shannon,Pennsylvania,2024-09-05,None
527,Edgar,Rodriguez,edgar.rodriguez527@example.com,West Andrewview,Michigan,2025-05-04,Rewards Member
528,Amanda,Stein,amanda.stein528@example.com,North Matthewfurt,Florida,2026-06-08,None
529,Michael,Carlson,michael.carlson529@example.com,Lake Charles,Michigan,2025-08-18,Rewards Member
530,Andrea,Smith,andrea.smith530@example.com,West Brookefort,Pennsylvania,2025-02-11,Rewards Member
531,Amy,Robertson,amy.robertson531@example.com,South Sherriburgh,Michigan,2026-04-15,Rewards Member
532,Stanley,Allen,stanley.allen532@example.com,Mooreville,Texas,2025-07-08,None
533,Marc,Thomas,marc.thomas533@example.com,Jamieborough,Illinois,2023-02-22,None
534,Jacob,Patterson,jacob.patterson534@example.com,Terryside,North Carolina,2024-05-13,None
535,Heidi,Mendez,heidi.mendez535@example.com,Donnaport,Florida,2023-11-09,Rewards Member
536,Ashley,Allen,ashley.allen536@example.com,North Brandon,Ohio,2022-11-17,Rewards Member
537,Jesus,Butler,jesus.butler537@example.com,Hernandezstad,California,2022-09-30,None
538,Kimberly,Beck,kimberly.beck538@example.com,South Christopherfort,North Carolina,2025-09-15,None
539,Bradley,Miller,bradley.miller539@example.com,North Anthony,California,2024-10-05,None
540,Julie,Villegas,julie.villegas540@example.com,Lake Kelly,Illinois,2024-10-30,None
541,Janet,Jones,janet.jones541@example.com,South Meganport,Florida,2023-06-10,Rewards Member
542,Lisa,Fox,lisa.fox542@example.com,Ruizview,New York,2023-07-25,Rewards Member
543,Paul,Romero,paul.romero543@example.com,Lake Amyburgh,Ohio,2024-01-30,Rewards Member
544,Elizabeth,Mcneil,elizabeth.mcneil544@example.com,Nicolestad,Texas,2025-01-18,Rewards Member
545,Lori,Spencer,lori.spencer545@example.com,South Bradley,New York,2024-04-05,Rewards Gold
546,Tina,Myers,tina.myers546@example.com,Marshallbury,Illinois,2022-08-06,Rewards Gold
547,Tyler,Harrison,tyler.harrison547@example.com,Anneberg,North Carolina,2025-03-22,None
548,Benjamin,Reid,benjamin.reid548@example.com,North Elizabethside,Texas,2024-09-01,None
549,Wayne,Zavala,wayne.zavala549@example.com,Arellanoshire,Michigan,2025-02-04,Rewards Member
550,Brittany,King,brittany.king550@example.com,New Bruce,Pennsylvania,2025-01-01,Rewards Member
551,Molly,Smith,molly.smith551@example.com,Cardenaschester,Texas,2025-07-21,None
552,Morgan,Kramer,morgan.kramer552@example.com,Armstrongbury,Illinois,2024-11-14,Rewards Member
553,Scott,Cooper,scott.cooper553@example.com,Evansfurt,Georgia,2025-05-01,None
554,Alicia,Quinn,alicia.quinn554@example.com,New Ashleyhaven,Pennsylvania,2022-10-27,Rewards Gold
555,Stephen,Fuller,stephen.fuller555@example.com,North Stacy,California,2026-03-29,Rewards Member
556,Jennifer,Ingram,jennifer.ingram556@example.com,Thompsonburgh,Ohio,2022-12-15,None
557,Robert,Moss,robert.moss557@example.com,Port James,California,2025-09-04,None
558,Diana,Cook,diana.cook558@example.com,South Christianchester,Texas,2023-09-26,Rewards Gold
559,Eric,Williams,eric.williams559@example.com,Port Courtney,California,2022-11-16,None
560,Terrance,Payne,terrance.payne560@example.com,Luisland,Illinois,2025-08-04,Rewards Gold
561,Tanya,Li,tanya.li561@example.com,South Angelaside,Michigan,2024-04-12,None
562,Matthew,Thompson,matthew.thompson562@example.com,Melissahaven,North Carolina,2024-02-10,None
563,Heather,Maxwell,heather.maxwell563@example.com,Starktown,Ohio,2025-03-04,None
564,Debra,Marshall,debra.marshall564@example.com,Rodriguezberg,California,2024-06-04,None
565,Melissa,Dominguez,melissa.dominguez565@example.com,New Brianna,California,2024-08-30,Rewards Gold
566,Melissa,Welch,melissa.welch566@example.com,North Annaville,Texas,2023-01-28,None
567,Michele,Cain,michele.cain567@example.com,Mikaylastad,North Carolina,2024-02-04,None
568,Norman,Brown,norman.brown568@example.com,Bakerfort,New York,2025-09-20,Rewards Member
569,Levi,Parsons,levi.parsons569@example.com,Johnsonview,California,2024-09-17,None
570,Jennifer,Ellis,jennifer.ellis570@example.com,Thomasfurt,Illinois,2026-05-15,None
571,Katherine,Carter,katherine.carter571@example.com,South Pamelamouth,Georgia,2023-02-08,Rewards Gold
572,Monique,Williams,monique.williams572@example.com,North Julie,Ohio,2025-03-28,Rewards Gold
573,Barry,Gonzalez,barry.gonzalez573@example.com,Pennytown,California,2026-03-09,None
574,Casey,Williams,casey.williams574@example.com,Lisaport,Illinois,2025-09-16,Rewards Gold
575,Crystal,Mahoney,crystal.mahoney575@example.com,Juanfort,Illinois,2025-06-12,Rewards Member
576,Samantha,Robertson,samantha.robertson576@example.com,Port Jeremyport,Ohio,2024-01-09,None
577,Wendy,Hays,wendy.hays577@example.com,Schroedermouth,New York,2026-04-30,None
578,Julie,Daniels,julie.daniels578@example.com,Jessicaland,Illinois,2024-09-28,Rewards Member
579,Ryan,King,ryan.king579@example.com,South Jason,Georgia,2024-09-30,Rewards Member
580,Corey,Mullins,corey.mullins580@example.com,Figueroahaven,Illinois,2023-01-09,None
581,Cynthia,Lee,cynthia.lee581@example.com,Lorihaven,Illinois,2022-07-20,Rewards Member
582,Monique,Kelly,monique.kelly582@example.com,North Larry,Illinois,2024-11-30,None
583,Scott,Norman,scott.norman583@example.com,Taylorhaven,Michigan,2024-09-04,Rewards Gold
584,Heather,Glenn,heather.glenn584@example.com,East Jamesborough,Michigan,2026-04-26,None
585,Rebecca,Rivera,rebecca.rivera585@example.com,East Antonioton,New York,2023-10-01,Rewards Member
586,Brandon,Martinez,brandon.martinez586@example.com,Janetview,California,2025-07-10,None
587,Laura,Richardson,laura.richardson587@example.com,Madisonhaven,Illinois,2026-02-22,Rewards Member
588,Kelly,Preston,kelly.preston588@example.com,Reidville,North Carolina,2023-11-27,None
589,Nicholas,Paul,nicholas.paul589@example.com,East Nathanmouth,California,2024-03-06,Rewards Gold
590,Dustin,Kline,dustin.kline590@example.com,Port Thomas,New York,2025-02-10,None
591,Amanda,Hughes,amanda.hughes591@example.com,Maxview,Florida,2024-07-30,None
592,Ashlee,Beltran,ashlee.beltran592@example.com,West Anthonyton,California,2023-03-05,Rewards Member
593,Laura,Crawford,laura.crawford593@example.com,Port Ashley,California,2023-05-31,None
594,George,Jimenez,george.jimenez594@example.com,Port Jeffrey,Pennsylvania,2025-11-13,Rewards Gold
595,Christian,Glass,christian.glass595@example.com,Lake Jamie,Texas,2023-04-22,None
596,Monica,Stone,monica.stone596@example.com,Palmertown,Pennsylvania,2023-04-03,Rewards Member
597,Christine,Owen,christine.owen597@example.com,Buckburgh,Georgia,2025-09-23,Rewards Member
598,John,Acosta,john.acosta598@example.com,East Johnnyport,Michigan,2025-12-09,None
599,Roberta,Miller,roberta.miller599@example.com,Rodneyfurt,Michigan,2025-12-07,Rewards Gold
600,Douglas,Morrison,douglas.morrison600@example.com,Stephenborough,Texas,2026-04-05,Rewards Member
